title,authors,year,journal_or_venue,doi,url,abstract,suggested_methodology_category,one_sentence_justification,apa_style_citation_draft,source_api,search_category,publication_types,metadata_score
Levelling the playing field in police recruitment: Evidence from a field experiment on test performance,Elizabeth Linos; Joanne Reinhard; Simon Ruda,2017,Public Administration,10.1111/padm.12344,https://doi.org/10.1111/padm.12344,"How to increase diversity in the police is an unanswered question that has received significant political and media attention. One area of intervention is the recruitment process itself. This study reports the results of a randomized controlled trial (RCT) in a police force that was experiencing a disproportionate drop in minority applicants during one particular test. Drawing on insights from the literatures on stereotype threat, belonging uncertainty and values affirmation exercises, we redesigned the wording on the email inviting applicants to participate in the test. The results show a 50 per cent increase in the probability of passing the test for minority applicants in the treatment group, with no effect on white applicants. Therefore, the intervention closed the racial gap in the pass rate without lowering the recruitment standard or changing the assessment questions.",Experimental,"Classified as Experimental because the metadata includes methodology keyword(s): experiment, experimental, field experiment, randomized.","Linos, E., Reinhard, J., & Ruda, S. (2017). Levelling the playing field in police recruitment: Evidence from a field experiment on test performance. Public Administration. https://doi.org/10.1111/padm.12344",Crossref,Experimental,journal-article,6
Are Some Citizens More Equal than Others? Evidence from a Field Experiment,Stephan Grohs; Christian Adam; Christoph Knill,2016,Public Administration Review,10.1111/puar.12439,https://doi.org/10.1111/puar.12439,"Abstract The equal treatment of all citizens is one of the fundamental principles of good administrative practice. Nevertheless, there are growing numbers of media and scientific reports on unequal treatment by public administrations. This article examines the unequal treatment of citizens by gender and ethnic origin by means of a survey‐based field experiment in German local government. With the help of two vignettes and randomized assignment of names, responses to fake citizen requests by local governments are analyzed for speed, quality, and service orientation. The results show very limited discrimination effects. While there is no evidence for general ethnic discrimination, a more differentiated analysis indicates patterns of ethnic discrimination conditioned by gender.",Experimental,"Classified as Experimental because the metadata includes methodology keyword(s): experiment, experimental, field experiment, randomized.","Grohs, S., Adam, C., & Knill, C. (2016). Are Some Citizens More Equal than Others? Evidence from a Field Experiment. Public Administration Review. https://doi.org/10.1111/puar.12439",Crossref,Experimental,journal-article,5
Can Leadership Training Improve Organizational Effectiveness? Evidence from a Randomized Field Experiment on Transformational and Transactional Leadership,Christian Bøtcher Jacobsen; Lotte Bøgh Andersen; Anne Bøllingtoft; Tine Louise Mundbjerg Eriksen,2022,Public Administration Review,10.1111/puar.13356,https://doi.org/10.1111/puar.13356,"Abstract Based on evidence from a large‐scale leadership training field experiment, this article advances our knowledge about the possibilities for training leaders toward more active and effective leadership. In the field experiment, public and private leaders were randomly assigned to a control group or one of three leadership training programs: Transformational, transactional, or a combined program. Employee responses from 463 organizations show that the training can affect leadership behavior positively in very different organizations (primary and secondary schools, daycare centers, tax centers, and bank units). Furthermore, for the subsample of school principals, we find some evidence of training effects on performance in standardized tests in elementary schools and final exams in lower secondary schools. We discuss these findings in relation to training content and performance criteria.",Experimental,"Classified as Experimental because the metadata includes methodology keyword(s): experiment, experimental, field experiment, randomized.","Jacobsen, C. B., Andersen, L. B., Bøllingtoft, A., & Eriksen, T. L. M. (2022). Can Leadership Training Improve Organizational Effectiveness? Evidence from a Randomized Field Experiment on Transformational and Transactional Leadership. Public Administration Review. https://doi.org/10.1111/puar.13356",Crossref,Experimental,journal-article,5
Increasing COVID-19 vaccination intentions: a field experiment on psychological ownership,Florian Keppeler; Martin Sievert; Sebastian Jilke,2025,Behavioural Public Policy,10.1017/bpp.2022.16,https://doi.org/10.1017/bpp.2022.16,"Abstract With the increasing availability of life-saving vaccines against the SARS-CoV-2 virus, government agencies face the challenge of promoting vaccine uptake. Thus, encouraging vaccine uptake marks an urgent policy challenge in fighting the COVID-19 pandemic. This study builds on the theory of psychological ownership to design a behaviorally inspired local government vaccination campaign. We conducted a large-scale, cluster-randomized field experiment ( N = 27,298 residents nested in 6,442 addresses) delivered to all registered residents of a German municipality via an official mailing campaign. The campaign included a psychological ownership intervention designed to boost residents’ intentions to get vaccinated – measured through unique link clicks on a municipal website where people can schedule a COVID-19 vaccination appointment. Findings suggest that adding possessive pronouns (i.e., ‘YOUR vaccination’) increases vaccination intentions by 39%, or 2.5 percentage points (p &lt; 0.0001 [95% CI = 1.8%, 3.3%], control letter: 6.4%, treatment letter: 8.9%). The discussion outlines the value of using psychological ownership-based nudge interventions to increase vaccine uptake and other desirable behaviors.",Experimental,"Classified as Experimental because the metadata includes methodology keyword(s): experiment, experimental, field experiment, randomized.","Keppeler, F., Sievert, M., & Jilke, S. (2025). Increasing COVID-19 vaccination intentions: a field experiment on psychological ownership. Behavioural Public Policy. https://doi.org/10.1017/bpp.2022.16",Crossref,Experimental,journal-article,5
Perceptions of Public and Private Performance: Evidence from a Survey Experiment,Ulrik Hvidman; Simon Calmar Andersen,2016,Public Administration Review,10.1111/puar.12441,https://doi.org/10.1111/puar.12441,"Abstract Media, politicians, and reform proponents frequently assert that public sector organizations are inefficient and burdened by administrative procedures. But are negative stereotypes of the public sector reflected in people's perceptions of public service provision? Given the methodological challenges of isolating the perception of publicness from other factors related to public organizations, little is known about whether public organizations have a negative image. The authors use a survey experimental design to isolate the effect of publicness on perceptions of the performance of hospitals. The results suggest that public sector organizations have a negative image on productivity‐related aspects of performance but not on normative aspects of performance. As this article is a randomized experiment, it provides strong evidence regarding the causal nature of the relationship between publicness and perceptions of performance. Implications for researchers aiming to understand these mechanisms and for public managers concerned about the image of their organization are discussed .",Experimental,"Classified as Experimental because the metadata includes methodology keyword(s): experiment, experimental, randomized, survey experiment.","Hvidman, U., & Andersen, S. C. (2016). Perceptions of Public and Private Performance: Evidence from a Survey Experiment. Public Administration Review. https://doi.org/10.1111/puar.12441",Crossref,Quantitative,journal-article,4
Medium and Message by Mail: A Field Experiment to Promote Low‐Income Assistance Programs,Manuel P. Teodoro; Jean Smith,2025,Public Administration Review,10.1111/puar.13931,https://doi.org/10.1111/puar.13931,"ABSTRACT Limited awareness impedes take‐up in low‐income utility assistance programs, which often suffer from low uptake. This study uses a field experiment to evaluate direct mail as a means of reducing learning burdens and thereby increasing participation in financial assistance programs offered by a large American sewer utility. Employing a conjoint design, we sent customers mailings that varied by medium (postcard vs. letter), frequency, color, sender (government vs. nonprofit), message framing (percentage discount vs. dollar savings), and language (English vs. English‐Spanish). Compared to the control group receiving no mail, direct mail significantly increased program inquiries. Notably, postcards were as effective as letters, and sending even one mailing yielded a substantial response increase; additional mailings provided minimal benefit. Sender and message framing had no significant effect. Surprisingly, bilingual mailings resulted in slightly lower response rates. Our findings suggest that direct mailings, particularly postcards, can help improve take‐up of income‐qualified public assistance programs.",Experimental,"Classified as Experimental because the metadata includes methodology keyword(s): experiment, experimental, field experiment, control group.","Teodoro, M. P., & Smith, J. (2025). Medium and Message by Mail: A Field Experiment to Promote Low‐Income Assistance Programs. Public Administration Review. https://doi.org/10.1111/puar.13931",Crossref,Experimental,journal-article,4
Invitation Phone Calls Increase Attendance at Civic Meetings: Evidence from a Field Experiment,Scott Hock; Sarah Anderson; Matthew Potoski,2013,Public Administration Review,10.1111/j.1540-6210.2012.02627.x,https://doi.org/10.1111/j.1540-6210.2012.02627.x,"Public managers, in addition to implementing sound policies, are expected to manage public participation in the policy process. Civic meetings, in which citizens, elected officials, and public managers discuss proposed policies, can be an effective venue for citizen input, but only if participation is sufficiently high. This article shows that municipal government managers can improve attendance at civic meetings through invitation phone calls. Results from a field experiment in which stakeholders were randomly assigned to receive an invitation phone call for a civic meeting indicate that invitation phone calls can significantly increase meeting attendance. The attendance rate among the 108 stakeholders selected to receive the phone call was higher than among the 169 stakeholders in the control group (8.3 percent versus 4.7 percent). The $20 cost of increasing meeting attendance by one stakeholder is about equal to the cost of increasing turnout in an election by one voter .",Experimental,"Classified as Experimental because the metadata includes methodology keyword(s): experiment, experimental, field experiment, control group.","Hock, S., Anderson, S., & Potoski, M. (2013). Invitation Phone Calls Increase Attendance at Civic Meetings: Evidence from a Field Experiment. Public Administration Review. https://doi.org/10.1111/j.1540-6210.2012.02627.x",Crossref,Experimental,journal-article,4
A Meta-Analysis of Job Satisfaction Correlates in the Public Administration Literature,Paola Cantarelli; Paolo Belardinelli; Nicola Belle,2016,Review of Public Personnel Administration,10.1177/0734371x15578534,https://doi.org/10.1177/0734371x15578534,"What can we learn by applying a meta-analysis to the public administration literature on job satisfaction? More generally, how can public management scholars use this method to capitalize on the decades of research on other topics within our field? This study reports the findings of the first quantitative review of the public administration literature on job satisfaction. We retrieved quantitative data from primary studies published in 42 public administration journals since 1969 and performed a meta-analysis of the relationships between job satisfaction and 43 correlates. The findings include meta-analytically derived effect sizes, measures of the heterogeneity in the effect size underlying all primary studies, and several indicators of publication bias. In presenting the results of our meta-analysis, we address the merits and limitations of this methodology and discuss how public administration scholars could take full advantage of this information to advance knowledge in other areas within the field.",Meta-Analysis,"Classified as Meta-Analysis because the metadata includes methodology keyword(s): meta-analysis, effect size, heterogeneity, publication bias.","Cantarelli, P., Belardinelli, P., & Belle, N. (2016). A Meta-Analysis of Job Satisfaction Correlates in the Public Administration Literature. Review of Public Personnel Administration. https://doi.org/10.1177/0734371x15578534",Crossref,Meta-Analysis,journal-article,4
What Causes Unethical Behavior? A Meta‐Analysis to Set an Agenda for Public Administration Research,Nicola Belle; Paola Cantarelli,2017,Public Administration Review,10.1111/puar.12714,https://doi.org/10.1111/puar.12714,"Abstract This article uses meta‐analysis to synthesize 137 experiments in 73 articles on the causes of unethical behavior. Results show that exposure to in‐group members who misbehave or to others who benefit from unethical actions, greed, egocentrism, self‐justification, exposure to incremental dishonesty, loss aversion, challenging performance goals, or time pressure increase unethical behavior. In contrast, monitoring of employees, moral reminders, and individuals’ willingness to maintain a positive self‐view decrease unethical conduct. Findings on the effect of self‐control depletion on unethical behavior are mixed. Results also present subgroup analyses and several measures of study heterogeneity and likelihood of publication bias. The implications are of interest to both scholars and practitioners. The article concludes by discussing which of the factors analyzed should gain prominence in public administration research and uncovering several unexplored causes of unethical behavior .",Meta-Analysis,"Classified as Meta-Analysis because the metadata includes methodology keyword(s): meta-analysis, heterogeneity, publication bias.","Belle, N., & Cantarelli, P. (2017). What Causes Unethical Behavior? A Meta‐Analysis to Set an Agenda for Public Administration Research. Public Administration Review. https://doi.org/10.1111/puar.12714",Crossref,Meta-Analysis,journal-article,3
"Leadership in the public sector: A meta‐analysis of styles, outcomes, contexts, and methods",Leonie Backhaus; Rick Vogel,2022,Public Administration Review,10.1111/puar.13516,https://doi.org/10.1111/puar.13516,"Abstract Leadership has attracted growing attention among scholars and practitioners in public administration. With the rising availability of study results, however, it becomes increasingly difficult to keep track under which conditions leadership does or does not make a difference in the public sector. This study provides a meta‐analysis of administrative leadership and various correlates that research has theorized as outcomes of leadership. The results of a multi‐level random‐effects meta‐analysis based on 486 effect sizes from 151 studies show that correlations are stronger for the achievement of beneficial than for the prevention of detrimental outcomes, as well as for group‐ and organization‐related than for employee‐related outcomes. Moderation analyses reveal that leadership style, administrative tradition, administrative subfield, and methodological factors explain heterogeneity in effect sizes.",Meta-Analysis,"Classified as Meta-Analysis because the metadata includes methodology keyword(s): meta-analysis, heterogeneity.","Backhaus, L., & Vogel, R. (2022). Leadership in the public sector: A meta‐analysis of styles, outcomes, contexts, and methods. Public Administration Review. https://doi.org/10.1111/puar.13516",Crossref,Meta-Analysis,journal-article,2
Between Solidarity and Anomie: A Study of a Collaboration With a Pooled Budget,Anna Villaume Silberstein; Gunilla Eklöv Alander; Mikael Holmgren Caicedo,2025,Scandinavian Journal of Public Administration,10.58235/sjpa.40450,https://doi.org/10.58235/sjpa.40450,"While collaboration is often promoted as a solution to complex societal challenges, the role of management accounting tools in facilitating these efforts remains a source of ongoing contention. By drawing on 29 interviews, this study examines a coordination association (samordningsförbund in Swedish) composed of public organizations that jointly fund rehabilitation measures to combat long-term unemployment. The study shows how the pooled budget functions as a ground for collaboration by creating financial interdependence and enabling coordination, communication, and shared practices. While this formalized structure fosters stability, it is also prone to anomic tendencies such as disengagement and short-termism. These tendencies undermine collaboration unless actively countered by practices that promote mutual understanding, shared goals, and practical coordination strategies. Ultimately, effective management accounting in collaborations appears to require not only external enforcement but also internal commitment shaped by the collaboration’s own dynamics and values.",Meta-Analysis,"Classified as Meta-Analysis because the metadata includes methodology keyword(s): meta-analysis, pooled.","Silberstein, A. V., Alander, G. E., & Caicedo, M. H. (2025). Between Solidarity and Anomie: A Study of a Collaboration With a Pooled Budget. Scandinavian Journal of Public Administration. https://doi.org/10.58235/sjpa.40450",Crossref,Meta-Analysis,journal-article,2
Brokering Localization: Country‐Based Pooled Funds in Humanitarian Assistance,Maryam Zarnegar Deloffre,2025,Public Administration and Development,10.1002/pad.70019,https://doi.org/10.1002/pad.70019,"ABSTRACT This article analyzes Country‐Based Pooled Funds (CBPFs) to identify types of brokerage models and their effects on localization. CBPFs are intermediaries in the aid chain connecting donors to implementers such as the United Nations, international non‐governmental organizations (INGOs) and national NGOs (NNGOs). This paper analyzes four of the longest running CBPFs—Afghanistan, Democratic Republic of Congo, Myanmar, and Sudan—by tracking financial flows and social ties over a 10‐year period. Longitudinal data allow for a more contextualized understanding of CBPFs' intermediary roles and patterns of engagement. The analysis reveals four brokerage models, gatekeeper , liaison , corporatist , and facilitator that produce varied levels of localization: low (gatekeeper, liaison), moderate (corporatist) and high (facilitator). The findings suggest that institutional rules, such as limiting funding eligibility to NGOs and requiring equal representation on advisory boards, increase localization. Finally, the analysis shows the critical role of NNGO coalitions in facilitating interactions with CBPFs and increasing localization.",Meta-Analysis,"Classified as Meta-Analysis because the metadata includes methodology keyword(s): meta-analysis, pooled.","Deloffre, M. Z. (2025). Brokering Localization: Country‐Based Pooled Funds in Humanitarian Assistance. Public Administration and Development. https://doi.org/10.1002/pad.70019",Crossref,Meta-Analysis,journal-article,2
Policy instruments at work: A meta‐analysis of their applications,Claudia Acciai; Giliberto Capano,2021,Public Administration,10.1111/padm.12673,https://doi.org/10.1111/padm.12673,"Abstract This article uses a systematic review of the main literature in the field to shed light on different operationalizations of the main classifications of policy instruments. Although the literature offers a large number of instrument taxonomies, many of them act as theoretical guidelines rather than operational concepts that can help to disentangle the different features of governing actions. This article provides a review of the most frequently used policy instrument typologies and, through a meta‐analysis, it analyses how instrument typologies have been differentially adopted to explain real‐world phenomena. The results are a high degree of heterogeneity in citation frequency, the polyhedral nature of the concept of policy instruments, a divide between typologies focused on governmental resources and those focused on drivers of expected behaviour, and ‘labellism’. Thus, what emerges is the urgency of a process of convergence towards a common framework.",Meta-Analysis,"Classified as Meta-Analysis because the metadata includes methodology keyword(s): meta-analysis, heterogeneity.","Acciai, C., & Capano, G. (2021). Policy instruments at work: A meta‐analysis of their applications. Public Administration. https://doi.org/10.1111/padm.12673",Crossref,Meta-Analysis,journal-article,2
"A meta-analysis of determinants of RFID adoption around the world: Organization, technology, and public policy",Sabinne Lee; Kwangho Jung,2016,,10.1108/apjie-12-2016-010,https://www.semanticscholar.org/paper/c21f9249dd33a104eacfb6ae21da0f5e8470c3bc,"Purpose This paper aims to explore various factors associated with radio frequency identification (RFID) adoption with quantitative meta-analysis. More specifically, this paper attempts to measure key variables of RFID adoption derived from Rogers’ innovation theory and further examines how state intervention influences the process of RFID adoption. First, this paper compares, relying on a meta-analysis, various mean effect sizes among technological, organizational and environmental factors (i.e. government-driven policies) that Rogers suggested in his innovation model. Design/methodology/approach In mean effect size analysis, this paper finds that the technological factor is the most powerful factor that affects the RFID adoption. The technological factor is statistically significant across all regions, including North America, Europe and Asia. The organizational factor is significant only in developing countries like Southeast Asian countries and East Asian countries. Environmental factors like government intervention for facilitating RFID adoption are strong enough only in Southeast Asia and Europe. Findings This paper finds that government’s supportive policy is more effective in Europe but not in America, while external pressure is still more effective in Southeast Asia. These results implicate that developmentalism or government-driven policy can be effective not only in developing countries but also in the case of developed countries. In addition, this paper conducts a seemingly unrelated regression (SUR) analysis based on Fisher’s standardized score. Originality/value In SUR analysis, this paper finds that the correlations between RFID adoption intention and three innovation factors vary across industrial areas. More specifically, the manufacturing area shows negative moderating effect on all three equations where correlations between Rogers’ innovation factors and RFID adoption intention are meta-dependent variables. Also, RFID adoption is accelerated when the size of the firm is large or the location of the firm is in Southeast Asia. This result implicates that the aspect of technology adoption can be changed by region and type of industry.",Meta-Analysis,"Classified as Meta-Analysis because the metadata includes methodology keyword(s): meta-analysis, effect size.","Lee, S., & Jung, K. (2016). A meta-analysis of determinants of RFID adoption around the world: Organization, technology, and public policy. https://doi.org/10.1108/apjie-12-2016-010",Semantic Scholar,Meta-Analysis,,2
Preparing public management students for mixed methods research,Lynn Hewlett; Merle Werbeloff,2023,Teaching Public Administration,10.1177/01447394221110339,https://doi.org/10.1177/01447394221110339,"Mixed methods approaches are increasing advocated for researching complex problems in the social sciences, but they are not widely used by postgraduate students of public management. This article describes a study where qualitative and quantitative methods lecturers worked collaboratively to design and teach both methodology courses in an integrated way to encourage public management master’s students to see the two methods as complementary, and thus possibly be more open to consider using the mixed methods approach in their research. A multi-method research design was used in this study. Students’ prior studies of qualitative and quantitative research methodology were not found to predict their summative course marks significantly on qualitative and quantitative components, respectively, but initial cognitive competence in the study of statistics correlates with summative performance in the quantitative component. Qualitative and quantitative summative scores correlate strongly, with those students with higher qualitative and higher quantitative summative scores tending to score higher on a task where they reflect on the value of both approaches to their own proposed research. However, students with lower scores, who comprise the majority of the sample, are not able to demonstrate appreciation of the possibilities or status of applying both methodologies to their own research. They tend to misunderstand foundational concepts when applied to their research design and/or show limited ability to apply their understanding to design their own work accurately or in a workable way. This study suggests that, where postgraduate students have prior limited exposure to research methods, improving the quality of student research and their engagement with mixed methods may require more mastery of both methods and methodologies than the scope and pacing of taught master’s programmes usually allow.",Mixed Methods,"Classified as Mixed Methods because the metadata includes methodology keyword(s): mixed methods, qualitative and quantitative, multi-method, quantitative plus qualitative indicators.","Hewlett, L., & Werbeloff, M. (2023). Preparing public management students for mixed methods research. Teaching Public Administration. https://doi.org/10.1177/01447394221110339",Crossref,Mixed Methods,journal-article,5
Public administration strategies to mitigate the social phenomenon of student digital addiction: A mixed methods study in Jordan and Kuwait,Asma Alibrahim; Shahad Altammar,2025,International Journal of Public Policy and Administration Research,10.18488/74.v12i4.4586,https://doi.org/10.18488/74.v12i4.4586,"The rapid growth of electronic gaming throughout public societies has outpaced existing policy frameworks, causing concerns over addictive tendencies and their educational impact. This mixed-methods study addresses a public administration issue for Kuwait and Jordan by combining empirical measurement with governance analysis. In a convergent design, the quantitative strand interviewed 280 Jordanian primary school children, in which descriptive statistics indicated high rates of addictive symptoms and significant gender differences (p &lt; 0.001) with no differences based on type of school. The qualitative strand consisted of 24 semi-structured interviews with Ministry of Education and Supreme Council for Planning and Development policymakers in Kuwait, which evoked responses on regulation and engagement strategies. Thematic analysis, as informed by the Advocacy Coalition Framework, yielded four priorities that span reshaping school programs to promote responsible gaming and digital citizenship, creating community-based volunteerism and physical activity, improving parental education and social awareness activities, and shaping interministerial digital regulation teams. The two strands are not set against each other but rather offer complementary evidence on prevalence and policy feasibility in similar environments. By integrating addiction screening with stakeholder-informed advice, the study provides a culturally responsive, evidence-based pathway to preventing primary school gaming addiction. The findings inform national digital policy alignment with school-level changes, detailed resource needs for implementation, and contribution to public administration knowledge in child digital and education public policy.",Mixed Methods,"Classified as Mixed Methods because the metadata includes methodology keyword(s): mixed methods, mixed-methods, convergent design, quantitative plus thematic analysis indicators.","Alibrahim, A., & Altammar, S. (2025). Public administration strategies to mitigate the social phenomenon of student digital addiction: A mixed methods study in Jordan and Kuwait. International Journal of Public Policy and Administration Research. https://doi.org/10.18488/74.v12i4.4586",Crossref,Mixed Methods,journal-article,5
A mixed-methods analysis of artificial intelligence adoption and perceived impacts in Czech municipal administration,Martin Lnenicka; R. Machová,2025,"Transforming Government: People, Process and Policy",10.1108/tg-06-2025-0175,https://www.semanticscholar.org/paper/0cc16448198a9c2a8ab570e7add69a30c3976983,"While national strategies promote artificial intelligence (AI) for public sector digital transformation, there is a lack of granular evidence on how AI is being adopted at the local government level, particularly in non-capital regions of Central and Eastern Europe. This study aims to bridge this strategy–implementation gap by empirically investigating the adoption patterns and perceived impacts of AI in Czech municipal administration. The study uses a mixed-methods sequential explanatory design. A stratified sample of 17 Czech municipalities, categorized by size (small, medium, large) and excluding the capital city of Prague, responded to a questionnaire combining quantitative Likert-scale questions and qualitative open-ended questions. Quantitative data were analyzed using descriptive statistics, while qualitative data underwent thematic analysis. The results reveal a size-dependent digital divide. Large municipalities usually leverage long-standing smart city data infrastructures for AI applications, while smaller municipalities cautiously explore simpler, text-based AI. The primary perceived benefit across all municipalities is increased internal efficiency and reduced employee workload. The most significant barriers are a lack of financial and human resources, compounded by legislative uncertainty and fears of data misuse, which hinder adoption in smaller municipalities. The study contributes a dual-track model of AI adoption for local government and provides empirical evidence from the Czech context. The findings show a disconnect between national AI ambitions and local-level capacity, highlighting the need for targeted support, clear legal frameworks and capacity-building initiatives to ensure equitable and effective digital transformation.",Mixed Methods,"Classified as Mixed Methods because the metadata includes methodology keyword(s): mixed methods, mixed-methods, sequential explanatory, quantitative plus thematic analysis indicators.","Lnenicka, M., & Machová, R. (2025). A mixed-methods analysis of artificial intelligence adoption and perceived impacts in Czech municipal administration. Transforming Government: People, Process and Policy. https://doi.org/10.1108/tg-06-2025-0175",Semantic Scholar,Mixed Methods,JournalArticle,5
Evaluating The Role of the Ombudsman Institution in the Oversight of Public Administration in Türkiye: A Mixed-Methods Study,Recep Kaya,2025,Liberal Düşünce Dergisi,10.36484/liberal.1707710,https://www.semanticscholar.org/paper/e41888d834c0343a200abbd90a0eb76fcf451921,"This study evaluates the role of the Ombudsman Institution in overseeing public administration in Türkiye, using a mixed-methods approach based on qualitative and quantitative data. It examines how far the Institution fills gaps in existing oversight mechanisms, how public bodies respond to citizen applications, and how effective it is compared with other oversight actors. A literature review traces its historical development, structure and functions, while statistical data from annual reports for 2013–2023 are analyzed and presented with graphs. The findings show that the Institution protects citizens’ rights in administrative decision-making, promotes legal compliance and strengthens the accountability of public institutions. The high rate of implementation of its recommendations by public bodies enhances its legitimacy and effectiveness. The study concludes that, with improvements in its legal mandate, the Ombudsman could become a more functional mechanism of public control and that it already plays a complementary and transformative role in promoting transparency and accountability.",Mixed Methods,"Classified as Mixed Methods because the metadata includes methodology keyword(s): mixed methods, mixed-methods, qualitative and quantitative, statistical plus qualitative indicators.","Kaya, R. (2025). Evaluating The Role of the Ombudsman Institution in the Oversight of Public Administration in Türkiye: A Mixed-Methods Study. Liberal Düşünce Dergisi. https://doi.org/10.36484/liberal.1707710",Semantic Scholar,Mixed Methods,JournalArticle; Review,5
Integrating Qualitative and Quantitative Methods in Sustainable Finance to Guide Public Policy for Green Investments,Iman Supriadi; Rahma Ulfa Maghfiroh; Rukhul Abadi,2025,JAMPE (Journal of Asset Management and Public Economy),10.12928/jampe.v4i2.11705,https://doi.org/10.12928/jampe.v4i2.11705,"This study investigates the role of sustainable finance in advancing investments in renewable energy and green technologies while addressing associated challenges and opportunities. The research aims to analyze the impact of sustainable finance strategies on investment flows, identify key barriers to their effective implementation, and propose strategic recommendations to enhance investment in this sector. This study seeks to support the global transition to a greener and more sustainable economy by optimizing policies, funding mechanisms, and financial practices. Using a mixed-methods approach, this study integrates qualitative and quantitative analyses, including literature reviews, causality analyses, and country-specific case studies. Secondary data generated from industry reports, academic publications, and financial databases form the basis of the analysis. Findings from the Sustainable Finance-Investment Interaction Model reveal that sustainable finance significantly enhances renewable energy investments. However, high initial costs, policy uncertainty, and restricted access to finance remain substantial obstacles. Despite these challenges, opportunities driven by technological advancements and increasing global climate awareness provide a strong foundation for growth. This paper presents recommendations for governments, investors, and financial institutions to strengthen the role of sustainable finance in accelerating renewable energy investments. Emphasizing integrating environmental, social, and governance (ESG) factors into financial decision-making, the study highlights the need for supportive policies to address financing barriers. By aligning financial systems with sustainability objectives, this research contributes to the broader discourse on sustainable finance and underscores its transformative potential in driving the global green transition.",Mixed Methods,"Classified as Mixed Methods because the metadata includes methodology keyword(s): mixed methods, mixed-methods, qualitative and quantitative, quantitative plus qualitative indicators.","Supriadi, I., Maghfiroh, R. U., & Abadi, R. (2025). Integrating Qualitative and Quantitative Methods in Sustainable Finance to Guide Public Policy for Green Investments. JAMPE (Journal of Asset Management and Public Economy). https://doi.org/10.12928/jampe.v4i2.11705",Crossref,Mixed Methods,journal-article,5
Enlightened Eclecticism or Hazardous Hotchpotch? Mixed Methods and Triangulation Strategies in Comparative Public Policy Research,Frieder Wolf,2010,Journal of Mixed Methods Research,10.1177/1558689810364987,https://doi.org/10.1177/1558689810364987,"This article discusses the trend toward triangulation and mixing methods in comparative public policy research and proposes criteria for further such endeavors, especially regarding the sophistication of the respective (qualitative and quantitative) parts, the way the different analyses are combined, and the aspects of the social world as well as the statements about them political researchers are interested in. It draws on both the current methodological debates and a review of relatively recent contributions to the comparative public policy literature employing several methods. The final recommendation is to consider thoroughly whether to engage in triangulation, and if doing so, to use tailor-made triangulation strategies fitted to the research questions and interests.",Mixed Methods,"Classified as Mixed Methods because the metadata includes methodology keyword(s): mixed methods, qualitative and quantitative, triangulation, quantitative plus qualitative indicators.","Wolf, F. (2010). Enlightened Eclecticism or Hazardous Hotchpotch? Mixed Methods and Triangulation Strategies in Comparative Public Policy Research. Journal of Mixed Methods Research. https://doi.org/10.1177/1558689810364987",Crossref,Mixed Methods,journal-article,5
The Usage of Mixed Methods within Public Administration Doctoral Dissertations,Najwa Mordhah,2021,International Journal of Humanities and Social Science,10.30845/ijhss.v11n12p4,https://doi.org/10.30845/ijhss.v11n12p4,"This study aims to answer these questions: How didpublic administration doctoral students combine qualitative and quantitative methods to conduct their dissertations? Which type of integration methods (simultaneous or sequential) are commonly used in public administration doctoral dissertations that employ mixed methods? Do they articulate the purpose of using that particular type of mixed methods? Is it easy to explicitly or implicitly acquire the type of mixed methods or not (clarity)? The study aims to understand the topic gradually starting from 2007 to 2011 and in doing so, this paper reviews fifty public administration doctoral mixed methods dissertations through 2011 to 2007..According to the finding, the percentage of dissertations that apply mixed methods approach is 3.3% of the total number of the dissertations in public administration which is 2,844 dissertations; 86% of those dissertations implement sequential mixed methods, while only 14% use simultaneous mixed methods type. Some researchers articulated the type of mixed methods clearly and the purpose which reflect their deep understanding of the methodology. However, the percentage of them is not high: 60% for the purpose and 62% for the clarity. The concept of mixed method began being used after 2005, yet, the study is limited to public administration doctoral dissertations that have been published during 2007- 2011 to chase the progress of using this type of research method intensively and comprehensively. Consequently, more studies are needed to investigate the same questions of this study on a sample of dissertations under the same criteria but in different contexts such as a period of time (after 2011) or different cultures and then compare the results. Also, this study could open a window for more comparison of research methods between public and business administration",Mixed Methods,"Classified as Mixed Methods because the metadata includes methodology keyword(s): mixed methods, mixed method, qualitative and quantitative, quantitative plus qualitative indicators.","Mordhah, N. (2021). The Usage of Mixed Methods within Public Administration Doctoral Dissertations. International Journal of Humanities and Social Science. https://doi.org/10.30845/ijhss.v11n12p4",Crossref,Mixed Methods,journal-article,5
Ethnography of a policy process: a case study of land redistribution in Bangladesh,Joseph Devine,2002,Public Administration and Development,10.1002/pad.245,https://doi.org/10.1002/pad.245,"Abstract Throughout the developing world, Non Governmental Organisations (NGOs) are involved in various aspects of an increasing number of policy interventions. The donor community has lent considerable support to this strategy. One of the key assumptions behind the strategy is that the greater involvement of NGOs in policy processes will result in more resources being distributed to the poor, and will also facilitate the establishment of a policy process which is more inclusive and egalitarian. Here the involvement of NGOs in an important land redistribution policy initiative is used to examine both these assumptions. While there is strong evidence that more land was redistributed to the poor as a result of NGO involvement, the actual mechanism or process for deciding the distribution of land was not found to be all inclusive or completely egalitarian. This ambivalence serves as a timely critique to the naive optimism and simplified assumptions underpinning development thinking and practice. Copyright © 2002 John Wiley &amp; Sons, Ltd.",Qualitative,"Classified as Qualitative because the metadata includes methodology keyword(s): case study, ethnography, qualitative.","Devine, J. (2002). Ethnography of a policy process: a case study of land redistribution in Bangladesh. Public Administration and Development. https://doi.org/10.1002/pad.245",Crossref,Qualitative,journal-article,3
Digital Transformation in Governance: The Impact of e-governance on Public Administration and Transparency,S. Sharmin; Rakibul Hasan Chowdhury,2025,Journal of Computer Science and Technology Studies,10.32996/jcsts.2025.7.1.27,https://www.semanticscholar.org/paper/68cd63723d2c282e37fbcd1ec97bf34350a6ca0a,"Digital transformation in governance has revolutionized public administration by leveraging emerging technologies such as artificial intelligence (AI), blockchain, big data, and cloud computing to improve efficiency, transparency, and service delivery. E-governance, a crucial component of this transformation, facilitates digital interactions between governments, citizens, businesses, and employees, reducing bureaucratic inefficiencies while promoting accountability. Governments worldwide are adopting e-governance models to enhance service accessibility, streamline administrative processes, and combat corruption through open data initiatives and AI-driven decision-making.This study investigates the impact of e-governance on public administration efficiency and transparency, addressing three key research questions: (1) How does e-governance improve public administration efficiency? (2) What role does e-governance play in enhancing transparency? (3) What challenges and risks are associated with the adoption of e-governance? To answer these questions, the research employs a mixed-methods approach, combining qualitative content analysis of policy documents and quantitative survey data from policymakers and public administrators. A comparative case study analysis examines successful e-governance implementations in Estonia, India, and South Korea. Findings indicate that e-governance significantly improves administrative efficiency by automating workflows, reducing costs, and facilitating citizen engagement. Moreover, digital transparency initiatives such as blockchain-based procurement systems and open data policies contribute to reducing corruption and strengthening public trust. However, challenges such as the digital divide, cybersecurity risks, and bureaucratic resistance hinder full-scale adoption. The study concludes that AI, big data, and blockchain will shape the future of digital governance, but legal and ethical frameworks must be strengthened to ensure secure, inclusive, and citizen-centric governance models. Future research should explore the long-term effects of e-governance on democratic participation and compare adoption patterns between developed and developing nations.",Qualitative,"Classified as Qualitative because the metadata includes methodology keyword(s): case study, content analysis, qualitative.","Sharmin, S., & Chowdhury, R. H. (2025). Digital Transformation in Governance: The Impact of e-governance on Public Administration and Transparency. Journal of Computer Science and Technology Studies. https://doi.org/10.32996/jcsts.2025.7.1.27",Semantic Scholar,Quantitative,JournalArticle; Review,3
Psychological Aspects of Corruption in Public Administration: Case-Study of Ukraine,O. Dragan; Ganna S. Yermakova; Andrii M. Chvaliuk; Oleg G. Kurchin; Oleg Karagodin,2020,Academic Journal of Interdisciplinary Studies,10.36941/ajis-2020-0130,https://www.semanticscholar.org/paper/32771349a298b61d3c3af08629b170ba9ecf015e,"The purpose of this research was to explore the psychological aspects of corruption in public administration through a combination of methods such as the non-systematic review, a semi-structured interview, a survey questionnaire, and observations of the anti-corruption court hearings. The study employed a case research design using the exploratory research strategy. It relied on a combination of data collection methods. The study was designed as a flow of three basic stages such as identification of psychological factors of corruption, validation of factors, and assessment of relative importance of every factor using the Triangular Assessment Method. It provided first-hand evidence and cases for the course in “Psychological, Behavioural and Economic Triggers of Corruption.” The IBM SPSS Statistics 25.0.0.1. Software was used to process the yielded data. The study found that civil servants’ ambitions to get rich quick, their low self-esteem, psychological dependencies, community-accepted image, sense of impunity were the major psychological aspects pushing the people to corruption in Ukraine. It was also found that the sense of impunity could be considered to be the primary psychological impact factor stimulating corruption actions by the civil servants, specifically. The self-esteem could be regarded as a second important psychological factor of corruption in public administration, which is related to the persons’ vision of their role in the community. The third important factor was ambitions driven by ‘easy money’ and status. The last two factors such as psychological dependencies, the community-accepted image were judged to be the least important ones. Further in-depth research is needed to identify the gender difference in the psychological aspects of corruption in public administration.",Qualitative,"Classified as Qualitative because the metadata includes methodology keyword(s): interview, case-study, qualitative.","Dragan, O., Yermakova, G. S., Chvaliuk, A. M., Kurchin, O. G., & Karagodin, O. (2020). Psychological Aspects of Corruption in Public Administration: Case-Study of Ukraine. Academic Journal of Interdisciplinary Studies. https://doi.org/10.36941/ajis-2020-0130",Semantic Scholar,Qualitative,Review,3
“There Was No Plan”: An Interview with Rajiv Chandrasekaran,Kevin Kosar,2007,Public Administration Review,10.1111/j.1540-6210.2007.00799.x,https://doi.org/10.1111/j.1540-6210.2007.00799.x,"The George W. Bush administration’s doctrines of preemption and democratization through military action have been much debated. Discussants have included former members of the military, students of international relations and diplomacy, philosophers, and legal theorists, to name a few. Not surprisingly, the focus of these expostulations has been on the utility of hard and soft power, the international ripple effects of military action and state toppling, and the legal and moral propriety of preemption. For the most part, public administrators have little participated in these debates. This is regrettable, for the central question nestled within any debate over public policy is the question of plausibility. Can this policy be executed successfully? The governance challenges in postconflict states are profound. Who should rule? How should the state be reconstructed? What administrative structures should be erected? Who should staff government offices and bureaucracies, and what principles should guide them? If preemption and democratization are to succeed, then these questions must be answered. Rajiv Chandrasekaran is an assistant managing editor of the Washington Post. His book Imperial Life in the Emerald City: Inside Iraq’s Green Zone (Alfred A. Knopf, 2006) is an examination of the Coalition Provisional Authority that governed Iraq from April 2003 through June 2004. Mr. Chandrasekaran has served as the journalist in residence for the International Reporting Project at the Johns Hopkins School for Advanced International Studies and as a public policy scholar at the Woodrow Wilson International Center in Washington, D.C. In March 2007, Mr. Chandrasekaran was interviewed by Kevin Kosar on behalf of the Public Administration Review.",Qualitative,"Classified as Qualitative because the metadata includes methodology keyword(s): interview, qualitative.","Kosar, K. (2007). “There Was No Plan”: An Interview with Rajiv Chandrasekaran. Public Administration Review. https://doi.org/10.1111/j.1540-6210.2007.00799.x",Crossref,Qualitative,journal-article,2
Creative Discretion on the Frontline of Public Services: A Longitudinal Qualitative Digital Diary and Interview Study,Liesbeth Faas; Glenn Houtgraaf; Peter Kruyen; Sandra van Thiel,2025,Public Administration,10.1111/padm.70018,https://doi.org/10.1111/padm.70018,"ABSTRACT “Creative discretion”—defined as street‐level bureaucrats' use of their discretion to generate novel and useful ideas for customizing services to meet the needs of service users, superiors, and themselves—is vital as governments shift from traditional public management to a more user‐centered approach, emphasizing responsiveness over technocracy. Central to this shift is creative discretion, which fosters innovative solutions tailored to citizens' needs. However, literature suggests the public sector may hinder creativity due to risk aversion and increased accountability demands. Our explorative diary and interview study examines stimulators and barriers to creative discretion among street‐level bureaucrats in Dutch integrated neighborhood teams. These frontline social work teams provide a typical context to study factors determining creative discretion. Our findings highlight the importance of creative discretion and factors influencing it in practice. This study fills a research gap and contributes to understanding creative discretion in public sector service delivery.",Qualitative,"Classified as Qualitative because the metadata includes methodology keyword(s): interview, qualitative.","Faas, L., Houtgraaf, G., Kruyen, P., & Thiel, S. V. (2025). Creative Discretion on the Frontline of Public Services: A Longitudinal Qualitative Digital Diary and Interview Study. Public Administration. https://doi.org/10.1111/padm.70018",Crossref,Qualitative,journal-article,2
Reflections on Leadership: An Interview with Sean O'Keefe,W. Henry Lambright,2015,Public Administration Review,10.1111/puar.12402,https://doi.org/10.1111/puar.12402,"Abstract This interview with Sean O'Keefe by PAR Associate Editor W. Henry Lambright is a departure from traditional Administrative Profiles. It represents an opportunity to elicit from a man who has held executive positions in government, industry, and the university lessons he has learned about leadership from those experiences. It is his perspective, in his own words, about a host of questions of interest to scholars and practitioners of public administration. These include commonalities and differences in leading organizations in various sectors. O'Keefe discusses how executives can deal with people and get the most from them, how executives use administrative power in achieving organizational goals, and why executives sometimes make the wrong calls in key decisions. He comments on what he learned about leadership from mentors during his formative years. He explains the limits he faced in making controversial decisions, such as his termination of a Hubble Space Telescope servicing mission.",Qualitative,"Classified as Qualitative because the metadata includes methodology keyword(s): interview, qualitative.","Lambright, W. H. (2015). Reflections on Leadership: An Interview with Sean O'Keefe. Public Administration Review. https://doi.org/10.1111/puar.12402",Crossref,Qualitative,journal-article,2
‘Genre Blurring’ and Public Administration: What Can We Learn from Ethnography?,R. A. W. Rhodes,2014,Australian Journal of Public Administration,10.1111/1467-8500.12085,https://doi.org/10.1111/1467-8500.12085,"This article seeks to broaden the craft of public administration by ‘blurring genres’. First, I explain the phrase ‘blurring genres’. Second, I provide some examples of early work in administrative ethnography. Third, I compare this early, modernist‐empiricist ethnography with interpretive ethnography, suggesting researchers confront three choices: naturalism vs. anti‐naturalism; intensive vs. hit‐and‐run fieldwork; and generalisation vs. local knowledge. After this general discussion, and fourth, I discuss the more prosaic issues that confront anyone seeking to use ethnography to study public administration and look at fieldwork roles, relevance, time, evidence and fieldwork relationships. Fifth, I describe and illustrate the several tools students of public administration can use as well as observation and interviews; namely, focus groups, para‐ethnography, visual ethnography, and storytelling. Finally, I conclude that ethnographic fieldwork provides texture, depth and nuance, and lets interviewees explain the meaning of their actions. It is an indispensable tool and a graphic example of how to enrich public administration by drawing on the theories and methods of the humanities.",Qualitative,"Classified as Qualitative because the metadata includes methodology keyword(s): ethnography, qualitative.","Rhodes, R. A. W. (2014). ‘Genre Blurring’ and Public Administration: What Can We Learn from Ethnography?. Australian Journal of Public Administration. https://doi.org/10.1111/1467-8500.12085",Crossref,Qualitative,journal-article,2
"Factors affecting military expenditures in the Asia-pacific: Evidence from a panel-data, Quantile regression, and FMOLS",Kadir Aden,2023,Jurnal Public Policy,10.35308/jpp.v9i1.6720,https://doi.org/10.35308/jpp.v9i1.6720,"The current study investigates factors affecting military expenditures within the Asian-Pacific context. By doing so, a period ranging from 2005 to 2021 was selected with ten diverse countries from the region. Several statistical analyses consisting of an OLS, fixed &amp; Random effect was performed. Whereas a quantile regression was also included to capture the omitted effects of the panel data. Likewise, an FMLOS was used to better evaluate the long-run effect and the relationships among the factors. According the findings, financial development (FND), Trade (TR) and Technological innovation have positive effect on defense expenditures, the following effect was backed by the FMOLS estimates which demonstrated a similar finding making the results more robust. On the other hand, economic growth (GDP) and bureaucratic effectiveness (BR) displayed a negative sign in the rise of military expenditures. At the same time, FDI inflow manifested a positive significant effect, but, only in the OLS model and through the upper percentiles. Overall, the research is the first to encompass several macroeconomic factors with other external variables to assess Asia-pacific security expenditures. And indeed, with the current global conflicts, it is hoped this research will provide a decent information about the ineffectiveness and effectiveness threshold of increasing defense expenditures.",Quantitative,"Classified as Quantitative because the metadata includes methodology keyword(s): regression, statistical, quantitative, panel data.","Aden, K. (2023). Factors affecting military expenditures in the Asia-pacific: Evidence from a panel-data, Quantile regression, and FMOLS. Jurnal Public Policy. https://doi.org/10.35308/jpp.v9i1.6720",Crossref,Quantitative,journal-article,4
Structural and stochastic transitions of poverty using household panel data in India,Swati Dutta,2021,Poverty &amp; Public Policy,10.1002/pop4.299,https://doi.org/10.1002/pop4.299,"Abstract The paper examines whether the poverty transition or poverty persistency in India, as well as in Indian rural states, is due to state dependence or unobserved heterogeneity. Using panel data from the India Human Development Survey for 2005 and 2012, the study found that structural chronic poverty is high in Bihar, Odisha, Maharashtra, and Uttar Pradesh. Furthermore, general caste and scheduled tribe households have achieved upward mobility due to structural reasons whereas other backward class households have made a stochastic transition and come out of poverty. The bivariate Probit model suggests that there exists a state dependence of the probability of being poor; meaning that past poverty experience does matter in determining the present poverty status of a given household in India. The findings also indicate that female education is one of the important indicators for moving out of poverty. Hence, a crucial policy decision is needed for reducing poverty in a more sustainable way, which will include a targeted social safety net program along with improving the skill level of the household.",Quantitative,"Classified as Quantitative because the metadata includes methodology keyword(s): probit, survey, quantitative, panel data.","Dutta, S. (2021). Structural and stochastic transitions of poverty using household panel data in India. Poverty &amp; Public Policy. https://doi.org/10.1002/pop4.299",Crossref,Quantitative,journal-article,4
Does Administrative Burden Create Racialized Policy Feedback? How Losing Access to Public Benefits Impacts Beliefs about Government,Elizabeth Bell; James E. Wright II; J. Oh,2024,Journal of public administration research and theory,10.1093/jopart/muae004,https://www.semanticscholar.org/paper/f970eaf1cd66230d44e30cc741cc0475c834dd6f,"Public trust and civic predisposition are cornerstones of well-functioning democratic societies, and burdensome citizen-state encounters may undermine positive views of government, especially for racially minoritized clientele. Leveraging insights from policy feedback theory, we argue that administrative burden has the potential to undermine trust in government and civic predisposition through two mechanisms: 1) interpretive effects: burdensome experiences that induce negative emotional responses and 2) resource effects: experiences of losing access to public benefits. In our OLS regression analysis of survey data from applicants for a means-tested public benefit program in the U.S. (n=2,250), we find that clients who lost access to benefits were significantly less likely to trust government, and these findings were driven by racially minoritized clients rather than White clients. Our findings demonstrate that experiences of administrative burden that result in the loss of public benefits may result in racialized policy feedback, by disproportionately reducing trust in government and civic predisposition for racially minoritized clientele.",Quantitative,"Classified as Quantitative because the metadata includes methodology keyword(s): regression, survey, quantitative.","Bell, E., II, J. E. W., & Oh, J. (2024). Does Administrative Burden Create Racialized Policy Feedback? How Losing Access to Public Benefits Impacts Beliefs about Government. Journal of public administration research and theory. https://doi.org/10.1093/jopart/muae004",Semantic Scholar,Quantitative,JournalArticle; Review,3
Is Private Production of Hospital Services Cheaper than Public Production? A Meta-Regression of Public Versus Private Costs and Efficiency for Hospitals,G. Bel; M. Esteve,2020,International Public Management Journal,10.1080/10967494.2019.1622613,https://www.semanticscholar.org/paper/e386adde88ffb77ede773388a26f5c534069787e,"ABSTRACT: The question of whether private organizations can outperform public ones in public service delivery has been a major topic of interest over the last few decades. However, the empirical evidence does not systematically support the hypothesis of lower costs and higher efficiency when private organizations deliver public services. To better understand the cost and efficiency differences between public and private organizations, we have conducted a meta-regression analysis of econometric studies relating to hospital ownership and performance. We have analyzed 61 estimates extracted from health studies, using public versus private hospital costs and efficiency as an independent variable. Our analysis shows a genuine true effect in favor of public sector hospitals. Although we found evidence that the public sector may provide public health services more cheaply than the private sector, the latter achieves better productive efficiency. We discuss how this divergence in results is affected by factors such as country, year, the use of panel data in a study, the extent to which performance is measured by examining financial costs, and the inclusion of not-for-profit hospitals.",Quantitative,"Classified as Quantitative because the metadata includes methodology keyword(s): regression, quantitative, panel data.","Bel, G., & Esteve, M. (2020). Is Private Production of Hospital Services Cheaper than Public Production? A Meta-Regression of Public Versus Private Costs and Efficiency for Hospitals. International Public Management Journal. https://doi.org/10.1080/10967494.2019.1622613",Semantic Scholar,Quantitative,,3
Taxing Language: Do Interpreting Fees Affect Immigrant Healthcare Usage? Evidence From a Regression Discontinuity Design,Aske Halling,2025,Public Administration Review,10.1111/puar.13930,https://doi.org/10.1111/puar.13930,"ABSTRACT Research has shown that administrative burdens significantly influence benefit uptake across various welfare programs in the U.S. and beyond. However, much of the existing research has focused primarily on program take‐up, leaving a gap in our understanding of how burdens affect the ongoing use of welfare benefits. To address this gap, we utilize a regression discontinuity design to analyze how the introduction of substantial fees on interpreting services affects usage of healthcare services among Danish immigrants. Our data comes from highly reliable, detailed registries that track the weekly use of general practitioners by Danish immigrants. We find no effects of the fees on healthcare utilization and no evidence that the fees disproportionately affect disadvantaged groups. Additional survey‐based analyses suggest that doctors may use their discretion to mitigate the fee's impact on immigrants, highlighting how frontline workers can potentially reduce the effects of burdensome policies.",Quantitative,"Classified as Quantitative because the metadata includes methodology keyword(s): regression, survey, quantitative.","Halling, A. (2025). Taxing Language: Do Interpreting Fees Affect Immigrant Healthcare Usage? Evidence From a Regression Discontinuity Design. Public Administration Review. https://doi.org/10.1111/puar.13930",Crossref,Quantitative,journal-article,3
Estimating models of Extreme Behavior: A Monte Carlo Comparison between SWAT and Quantise Regression,Jiannan Wu; Stuart Bretschneider; Frederick Marc-Aurele,2002,Chinese Public Administration Review,10.22140/cpar.v1i2.21,https://doi.org/10.22140/cpar.v1i2.21,"We are interested in theoretical explanations of extreme behavior in social and management science situations. For example, in studying organizational performance we theorize that organizations achieve high levels of performance by employing innovative or unique behavioral characteristics. Methodologially, several approaches have emerged to facilitate investigation of how extreme cases differ from the typical. This paper focuses on two quantitative approaches that provide. tools for modeling extreme hehavior: substantively weighied analytical techniques (SWAT) and quantile regression. We evaluate both for their anility to accurately estimate models of extreme behavior when that behavior significantly differs from the average case. Since we attempt to evaluate statistical approaches in situations where standard axiomatic approaches fall short. our strategy is to use simulation techniques where the underlying data-generating structure is known and desisted to have different underlying mathematical relationships between the middle and the two extremes. We also apply a Monte Carlo approach of repeated simulating to investigate the sampling characteristics of these approaches. Finally, we apply standard measures for evaluation of statistical estimators, mean square error, to examine both the bias and the relative efficiency of each approach. The experimental results demonstrate that quantile regression provides a more accurate and reliable estimation of extreme phenomena.",Quantitative,"Classified as Quantitative because the metadata includes methodology keyword(s): regression, statistical, quantitative.","Wu, J., Bretschneider, S., & Marc-Aurele, F. (2002). Estimating models of Extreme Behavior: A Monte Carlo Comparison between SWAT and Quantise Regression. Chinese Public Administration Review. https://doi.org/10.22140/cpar.v1i2.21",Crossref,Quantitative,journal-article,3
Identifying Best-Practices: A Monte Carlo Evaluation of Quantile Regression,Jiannan Wu; Stuart Bretschneider,2002,Chinese Public Administration Review,10.22140/cpar.v1i3.4.33,https://doi.org/10.22140/cpar.v1i3.4.33,"The area of best practice research has only rcccntly begun to embrace statistically based comparisons as a basis for ying recommended practices. In part motivated by growing interest in performance measurement activities these new hes hold significant potential for improving out ability to identify and utilize true best practices. Unfortunately, little been done to study how to apply statistical methods to this task appropriately. In this paper a Monte Carlo evaluation is loped to demonstrate that how Quantile Regression methods can be used to identify best practice. After a brief literature and a summary of the Quantile Regression technique, the paper develops a specific monte carlo simulation design statistical situations with varying numbers of high, medium and low performing organizations. Next, we apply quan regression to the simulated data and attempts to develop some reasonable guidance about how to apply quantile rcgres to real world data. The results demonstrate that quantile regression can accurately estimate different models for different types of organizations (e.g. high and low performing) and should be considered as an effective tool for the empirical study of practices when samples of similar organizations are available. As an order based statistical estimation approach, it also the virtue of being more robust than typical moment approaches. This paper is based on a working paper developed at The Maxwell School in June 2001, which was partially funded by doctoral research grant from the Dean of The Maxwell School and the Center for Technology and Information Policy.",Quantitative,"Classified as Quantitative because the metadata includes methodology keyword(s): regression, statistical, quantitative.","Wu, J., & Bretschneider, S. (2002). Identifying Best-Practices: A Monte Carlo Evaluation of Quantile Regression. Chinese Public Administration Review. https://doi.org/10.22140/cpar.v1i3.4.33",Crossref,Quantitative,journal-article,3
A scoping review for translating the syndemic into a policy idea,Ville-Pekka Sorsa; Veronica Fröberg,2026,Discover Public Health,10.1186/s12982-026-01989-w,https://doi.org/10.1186/s12982-026-01989-w,"Abstract Background The syndemic has become a popular theoretical idea in academic research. Recent studies have systematically translated the idea from research to practice, including policy implementation and healthcare programming. However, the potential uses of the idea in broader health policy debates remain unclear. Objective The purpose of this paper is to translate the idea of syndemics into a policy idea and tentatively assess the potential uses of the idea in health policy debates. We consider the potential uses of the syndemic as a device for seeing and choosing and consider the utility of its use as an outlook, problem definition, and policy solution. Methods Previous studies have deployed theoretical reinterpretation-driven scoping reviews to translate the idea of syndemics from research to other domains. We conduct a scoping review based on systematic literature searches and screening to map out the field of research that explicitly discusses syndemics and policy, and theoretically reinterpret the field to recognize the potential uses of the idea in policy debates. Conclusion Our reinterpretation suggests that the syndemic potentially has multiple but somewhat limited uses as a device for seeing and choosing. We argue that the idea can bring added value to health policy debates when used to delimit problem definitions and policy solutions. More targeted research on real-life policy contexts is needed to grasp the range of uses of the syndemic as a policy idea.",Systematic Review,"Classified as Systematic Review because the metadata includes methodology keyword(s): systematic review, scoping review, screening.","Sorsa, V. P., & Fröberg, V. (2026). A scoping review for translating the syndemic into a policy idea. Discover Public Health. https://doi.org/10.1186/s12982-026-01989-w",Crossref,Systematic Review,journal-article,3
The Participatory Processes in Public Policy-Making: A Scoping Review,Teddy Moysan; Francisco Ródenas-Rigla,2024,Societies,10.3390/soc14120244,https://doi.org/10.3390/soc14120244,"The topic of participatory processes in public policy-making is becoming increasingly common, yet their quality remains disputed. There is as yet no reproducible quantitative assessment method that can be generalized to all such processes. This article proposes a scoping review, guided by the PRISMA research protocol, to identify key concepts linked with the democratic quality of participatory processes. The key concepts which appear are accountability, comprehensiveness, influence, results, deliberation, inclusiveness, representativeness, transparency and context. We conclude that this scoping review provides a rigorous basis upon which a generalizable quantitative evaluation framework can be developed.",Systematic Review,"Classified as Systematic Review because the metadata includes methodology keyword(s): systematic review, scoping review, prisma.","Moysan, T., & Ródenas-Rigla, F. (2024). The Participatory Processes in Public Policy-Making: A Scoping Review. Societies. https://doi.org/10.3390/soc14120244",Crossref,Systematic Review,journal-article,3
Frontiers of public service motivation research in Canada: A scoping review,Wiesława Dominika Wranik; Michelle McPherson; Isabelle Caron; Huiyan Liu,2024,Canadian Public Administration,10.1111/capa.12557,https://doi.org/10.1111/capa.12557,"Abstract The Canadian public sector employs around one‐fifth of Canadian workers; they are responsible for policy making, stewarding public funds, and serving the public. Canadian governments struggle with job satisfaction, engagement, retention, and turnover, all of which may be associated with public service motivation (PSM). We conducted a scoping review of Canadian PSM research to synthesize what is known about these associations in the Canadian context. We identified 24 published studies and four works in progress. These demonstrate that PSM exists among Canadian public servants from the early stages of their career until later stages, and that PSM bolsters attraction to public sector work among students. No studies measured PSM among Canadian public servants using a validated instrument. Further research about the contributions of PSM to the quality of Canadian public services and how employers can nurture PSM is recommended, particularly given recent changes in work environments.",Systematic Review,"Classified as Systematic Review because the metadata includes methodology keyword(s): systematic review, scoping review.","Wranik, W. D., McPherson, M., Caron, I., & Liu, H. (2024). Frontiers of public service motivation research in Canada: A scoping review. Canadian Public Administration. https://doi.org/10.1111/capa.12557",Crossref,Systematic Review,journal-article,2
"The corporatization of healthcare organizations internationally: A scoping review of processes, impacts, and mediators",Simon Turner; John S. F. Wright,2022,Public Administration,10.1111/padm.12724,https://doi.org/10.1111/padm.12724,"Abstract Corporatization, the conversion of state‐owned enterprises into semi‐autonomous, legally independent entities, has gained in popularity internationally since the 1980s. This review suggests that usage of the term has become entangled with other definitions of corporatization, and other organizational reforms associated with new public management, and appears consequently to have lost its distinctiveness in many contemporary studies of corporatization. Through a scoping review of literature on corporatization of healthcare organizations internationally, we develop a typology of four perspectives on corporatization (as managerialism of medical work, as institutional level reform to encourage market‐like behavior, as corporate governance implications of legal independence, and as private sector colonization) and analyze the specific processes, impacts, and mediators associated with each approach. This typology can aid conceptual clarity in future research on corporatization and orient practitioners to particular management and policy questions within the complex field of reform signified by this term.",Systematic Review,"Classified as Systematic Review because the metadata includes methodology keyword(s): systematic review, scoping review.","Turner, S., & Wright, J. S. F. (2022). The corporatization of healthcare organizations internationally: A scoping review of processes, impacts, and mediators. Public Administration. https://doi.org/10.1111/padm.12724",Crossref,Systematic Review,journal-article,2
A Literature Review of E-Government Research in Mexico Utilizing the PRISMA Methodology,Marcela Diaz-Guzman Verastegui; Rodrigo Sandoval-Almazan; Jose Melchor Medina-Quintero,2023,International Journal of Public Administration in the Digital Age,10.4018/ijpada.327856,https://doi.org/10.4018/ijpada.327856,"This research aims to understand the state of the art in Mexico's e-government research field, research trends, empirical research, e-government access, adoption, and availability of online services. Through a systematic literature review using preferred reporting items for systematic literature reviews and meta-analysis (PRISMA) methodology, 19 articles were identified from 2000-2020. The findings show that research trends contribute to the study of factors influencing e-government research in Mexico. Additionally, the insufficient number of publications and reports in scholarly journals related to this topic in Mexico supports this claim. It is essential to foster future studies in several areas to address this gap and understand the factors influencing e-government research by citizens in Mexico.",Systematic Review,"Classified as Systematic Review because the metadata includes methodology keyword(s): systematic review, prisma.","Verastegui, M. D. G., Sandoval-Almazan, R., & Medina-Quintero, J. M. (2023). A Literature Review of E-Government Research in Mexico Utilizing the PRISMA Methodology. International Journal of Public Administration in the Digital Age. https://doi.org/10.4018/ijpada.327856",Crossref,Systematic Review,journal-article,2
Big Data-Driven Public Policy Decisions: Transformation Toward Smart Governance,M. A. Hossin; Jie Du; Lei Mu; Isaac Owusu Asante,2023,SAGE Open,10.1177/21582440231215123,https://www.semanticscholar.org/paper/8dedf99f9def88077196d0e70e9b083266b45e42,"Big data analytics (BDA) enhances knowledge and decision-making. Despite its importance, the connection between technical progress and political change is neglected in the administrative process. Most studies focus on e-government, e-governance, and how technology can improve existing operations of the bureaucracy. However, this article aims to explore the potential of BDA for public policy systems and provide a linkage for the transformation toward digital and smart governance using preferred reported items for systematic review and meta-analysis (PRISMA) approach to reveal the relevant documents and narrative review approach to interpret the application of BDA at each step of the public policy system. In addition, this study identifies several common public policy-related big data sources and techniques that could be used at the various stages of the public policy process. This study argues that BDA has the potential to be used for policy formulation in the four main phases—planning, design, service delivery, and evaluation. Most studies confirm its potential in the policy process for taxation, health, education, transportation, law, economy, and social system. This study reveals that it is also suitable for public policy execution stages, such as public supervision, public regulation, service delivery, and policy feedback. Previous studies have indicated that the application of BDA can transform traditional or manual governance systems into digital and smart governance. We contend that the policy cycle should be seen as a dynamic and iterative process characterized by continuous evolution. Though each step of transformation has its unique challenges in handling BDA and maintaining the Information and Communication Technology (ICT) infrastructure, it can ensure an accurate, prompt, and context-oriented public policy system. These insights provide a novel outlook on effectively managing the interplay between innovation and traditional approaches in the realm of public policy development. Plain Language Summary Importance: Big data analytics (BDA) enhances knowledge and decision-making. Despite its importance, the connection between technical progress and political change is neglected in the administrative process. Most studies focus on e-government, e-governance, and how technology can improve existing operations of the bureaucracy. Aims: However, this article aims to explore the potential of BDA for public policy systems and provide a linkage for the transformation toward digital and smart governance using preferred reported items for systematic review and meta-analysis (PRISMA) approach to reveal the relevant documents and narrative review approach to interpret the application of BDA at each step of the public policy system. In addition, this study identifies several common public policy-related big data sources and techniques that could be used at the various stages of the public policy process. Findings: This study argues that BDA has the potential to be used for policy formulation in the four main phases—planning, design, service delivery, and evaluation. Most studies confirm its potential in the policy process for taxation, health, education, transportation, law, economy, and social system. This study reveals that it is also suitable for public policy execution stages, such as public supervision, public regulation, service delivery, and policy feedback. Implications: Previous studies have indicated that the application of BDA can transform traditional or manual governance systems into digital and smart governance. Though each step of transformation has its unique challenges in handling BDA and maintaining the Information and Communication Technology (ICT) infrastructure, it can ensure an accurate, prompt, and context-oriented public policy system.",Systematic Review,"Classified as Systematic Review because the metadata includes methodology keyword(s): systematic review, prisma.","Hossin, M. A., Du, J., Mu, L., & Asante, I. O. (2023). Big data-driven public policy decisions: transformation toward smart governance. SAGE Open. https://doi.org/10.1177/21582440231215123",Semantic Scholar,Quantitative,JournalArticle; Review,2
Soft Skills and Career Development: Prisma Systematic Review of Studies on Students and Employees,Nur Azmina Muhama; Wan Norhayati Wan Othman; Karthika Karthika; Taneshwary Sathasivan,2025,Journal of Public Administration and Governance,10.5296/jpag.v15i3.23480,https://doi.org/10.5296/jpag.v15i3.23480,"This systematic review evaluates the role of soft skills in career development and synthesizes empirical evidence published between 2019 and 2024. Soft skills are interpersonal attributes such as communication, teamwork, leadership, adaptability and problem-solving are increasingly recognized as critical for employability and long-term professional success. Searches of Scopus, Web of Science, Google Scholar and ResearchGate following PRISMA guidelines yielded 10 eligible studies from an initial pool of 1,008 records. The included studies represent diverse countries (Vietnam, China, Malaysia, India, Romania, South Africa, Nigeria, Slovakia and the United States) and populations (fresh graduates, college students, employees and managers). Findings reveal that key factors influencing soft-skill development include generational differences, cultural expectations, personal obligations, educational exposure, and individual attributes such as self-efficacy and emotional intelligence. Sectoral variations were evident, with industries such as logistics and oil &amp; gas prioritizing structured teamwork and communication, while educational settings emphasized adaptability and self-efficacy. Poor soft skills were consistently associated with reduced job performance, workplace conflict, limited employability, innovation deficits, and long-term career stagnation. This review highlights the need for integrated soft-skill training in curricula and organizational development programmes. Practical implications suggest embedding soft skills into higher education through project-based learning and experiential practices, while organizations must prioritize mentoring, continuous development, and performance systems that value interpersonal competence. Policymakers are urged to support nationwide initiatives to democratize access to soft-skill training. Future research should employ longitudinal and cross-cultural approaches to capture how soft skills evolve over time and across contexts. Overall, this review underscores that soft skills are not optional but fundamental to thriving in the 21st-century workplace.",Systematic Review,"Classified as Systematic Review because the metadata includes methodology keyword(s): systematic review, prisma.","Muhama, N. A., Othman, W. N. W., Karthika, K., & Sathasivan, T. (2025). Soft Skills and Career Development: Prisma Systematic Review of Studies on Students and Employees. Journal of Public Administration and Governance. https://doi.org/10.5296/jpag.v15i3.23480",Crossref,Systematic Review,journal-article,2
A New Conceptual Framework and Approach to Decision Making in Public Policy,Francisco Banha; A. Flores; L. Coelho,2022,Knowledge,10.3390/knowledge2040032,https://www.semanticscholar.org/paper/194895d20373aa3a4df2bf7cd67c924f7ca92d03,"In this conceptual paper, we bring forward a new theoretical proposition in the form of an Integrated Policy-Making Process Framework. This tool arose from the discussion and hypothesis that the main models used to analyse public policies have practical and theoretical limitations and/or are due for an update, especially when it comes to the study of phenomena with many actors involved, vast legislation, large timeframes, and high degrees of complexity. Our original model encompasses the three fundamental stages of the public policy cycle (agenda; decision making; implementation). Our approach can have a wide spectrum of applications and contribute to the field of knowledge of political sciences. Our proposal of using three frameworks in an integrated way enables researchers and users to gain a holistic vision concerning policy processes, and it offers the possibility to compare and rank categories. The Integrated Policy-Making Process Framework is thus proposed as a new tool to tackle research and studies on decision making in public policies and the policy-making cycle.",Theoretical,"Classified as Theoretical because the metadata includes methodology keyword(s): theoretical, conceptual, framework, model.","Banha, F., Flores, A., & Coelho, L. (2022). A New Conceptual Framework and Approach to Decision Making in Public Policy. Knowledge. https://doi.org/10.3390/knowledge2040032",Semantic Scholar,Theoretical,,6
MANAGING PUBLIC CONSULTATION: A CONCEPTUAL FRAMEWORK AND EMPIRICAL FINDINGS FROM BELGIAN CASE STUDIES,JAN VAN DAMME; MARLEEN BRANS,2012,Public Administration,10.1111/j.1467-9299.2011.02014.x,https://doi.org/10.1111/j.1467-9299.2011.02014.x,"This article addresses the question of how governments can set up and manage, in an increasingly complex policy environment, processes of public consultation that lead to good outcomes. Drawing upon insights of democratic theory and literature on network and interactive governance, the article discusses the organization and outcomes of public consultation processes. The analysis of four Belgian cases shows that the absence of open process rules does not prevent good outcomes. Second, the level of managerial autonomy is positively correlated with the intensity of process design and management. Third, cases with intensive process design and management have better overall results. These findings question some normative assumptions in the literature, positing the need for open process rules regarding entrance, scope of discussion, and interaction. Intensive process design and management with rules properly accommodating the policy situation is possibly a better means of achieving good results than rule openness. These findings challenge the need for legislation stipulating in detail who needs to be consulted, about what, and how.",Theoretical,"Classified as Theoretical because the metadata includes methodology keyword(s): theory, theoretical, conceptual, framework.","DAMME, J. V., & BRANS, M. (2012). Managing public consultation: a conceptual framework and empirical findings from belgian case studies. Public Administration. https://doi.org/10.1111/j.1467-9299.2011.02014.x",Crossref,Theoretical,journal-article,5
Examining Vision Sharing as a Driver of Organizational Resilience: Evidence from Public Sector Contexts in Developing Economies,Muhammad Zaurez Afshar; Dr. Mutahir Hussain Shah,2025,Indus Journal of Social Sciences,10.59075/ijss.v3i2.1666,https://www.semanticscholar.org/paper/88767da58a218f8731a59cbed70e88c81151dc60,"Background: Public Sector entities in the developing economies are susceptible to shocks through the risk factors as determined by political instability, fiscal discipline and inefficient systems. In this regard, organizational resilience has become a very significant capacity of maintaining institutional performance. Purpose: The paper discusses the role of vision sharing in enhancing organizational resilience in the case of the public sector organizations based in developing economies. It would seek to integrate existing empirical and theoretical knowledge in formulating a conceptual framework of thinking about it which would be contextual. Approach: Narrative synthesis approach was adopted and the framework used was four stages proposed by Popay. Thematic analysis of relevant literature addressing organizational studies, leadership theory, and public administration was performed through systematic review, coding, and identification of causal linkages, mediating factors and transcending dynamics. Results: The study concluded that vision sharing can increase resilience in three interconnected pathways, including strategic alignment, adaptive engagement, and culture integration. Leadership style, institutional structure and political context moderate these effects. Implications: The study provides a vision-driven resilience-enabling policy insight and conceptual model to enable the leaders in the public sector to integrate resilience strategies. It also addresses research gaps in theory development and measurement.",Theoretical,"Classified as Theoretical because the metadata includes methodology keyword(s): theory, theoretical, conceptual, framework.","Afshar, M. Z., & Shah, D. M. H. (2025). Examining Vision Sharing as a Driver of Organizational Resilience: Evidence from Public Sector Contexts in Developing Economies. Indus Journal of Social Sciences. https://doi.org/10.59075/ijss.v3i2.1666",Semantic Scholar,Systematic Review,JournalArticle; Review,5
"Integrated Financial Management Information System: a conceptual framework for Migori County, Kenya",Otieno Okello Jared; Stephen Migiro; Emmanuel Mutambara,2017,Public and Municipal Finance,10.21511/pmf.06(1).2017.04,https://doi.org/10.21511/pmf.06(1).2017.04,"In the modern world, developing countries like Kenya, Tanzania, Ethiopia and several others in the African continent have been encouraged to reform their public expenditure management systems through computerization of the entire public sectors in response to the increasing volume of data or information that need to be processed. There are, however, various factors to be considered prior to the implementation of the public expenditure management information systems. This paper undertakes a theoretical review of the critical success factors that impact on the implementation of an Integrated Financial Management Information System (IFMIS) with a view to identify factors applicable to the Migori County of Kenya. The paper, then, identifies the key factors to be incorporated in the proposed IFMS framework. The proposed framework draws from the Technology Acceptance Model (TAM), Innovation Diffusion Theory (IDT) and the Work Around Theory (WAT). The paper fuses these theories towards a successful adoption of use of modern technology within the public sector IFMS. The key factors include technical, organizational, environmental, cultural and ethical behavior. These factors could improve efficiency and transparency through direct payments to suppliers and contractors, reduced prices due to gains based on the time value of money, as well as the comparative analysis of market rates and advanced relations across the numerous organizational units within government on execution, reporting, and thoroughness of budget transactions.",Theoretical,"Classified as Theoretical because the metadata includes methodology keyword(s): theory, theoretical, conceptual, framework.","Jared, O. O., Migiro, S., & Mutambara, E. (2017). Integrated Financial Management Information System: a conceptual framework for Migori County, Kenya. Public and Municipal Finance. https://doi.org/10.21511/pmf.06(1).2017.04",Crossref,Theoretical,journal-article,5
Special District Formation: Evidence from Panel Data,Agustin Leon-Moreta,2017,Public Administration Quarterly,10.1177/073491491704100302,https://doi.org/10.1177/073491491704100302,"This paper empirically examines the formation of special districts in the United States. It investigates, in particular, the adoption of tax and expenditure limitations (TELs) on local governments to determine how they have motivated special district formation. The paper extends the research agenda by reporting an analysis for TELs and special district formation through the post-Proposition 13 tax revolt in the states. Theory on special-purpose governments and, on TELs, guides the research – literatures interested in the impact of fiscal institutions on local government reorganization. Main findings are that adoption of one type of TEL – general limitations – is encouraging the formation of special districts with taxing powers. Substantively, adoption of general limitations raises the number of taxing districts by approximately 13 percent. A flexible model for panel data, inclusive of fixed effects and time trends, turns out to be crucial for identifying estimates for the role of TELs in special district formation.",Theoretical,"Classified as Theoretical because the metadata includes methodology keyword(s): theory, model, proposition, agenda.","Leon-Moreta, A. (2017). Special District Formation: Evidence from Panel Data. Public Administration Quarterly. https://doi.org/10.1177/073491491704100302",Crossref,Quantitative,journal-article,4
THE NEW ORTHODOXY: THE DIFFERENTIATED POLITY MODEL,DAVID MARSH,2011,Public Administration,10.1111/j.1467-9299.2010.01897.x,https://doi.org/10.1111/j.1467-9299.2010.01897.x,"Anthony King (1989, p. 97) argued some time ago that: ‘most of Britain's best political scientists (…) are for some reason journalists'. This is a claim which could only be made by someone who thinks that understanding, or explaining, politics merely revolves around knowing what happens at the centre of power. It neglects the point that facts do not speak for themselves; rather, they have to be interpreted within a conceptual or theoretical framework. Such theoretical frameworks are, for the most part, conspicuous by their absence in work on British politics. This point is amply illustrated by the most recent survey of work on British politics, Flinders et al. (2009) , The Oxford Handbook of British Politics, which almost totally neglects broader ways of conceptualizing British politics that would allow us to situate some of the individual chapters against a wider background. There are nine references to the, once ubiquitous, Westminster model, but these are all in two chapters, Dennis Kavanagh's chapter ‘Antecedents’ and Oliver James' chapter ‘Central State’. Only James discusses recent alternatives to the Westminster model and, although he deals with interpretivist critiques, there is no reference to the ‘differentiated polity model’ in the book's index, let alone to the asymmetric power model, two of the positions considered here. Rod Rhodes' work provides a very important exception to that omission, which has stimulated a great deal of interest and encouraged younger scholars to move away from description and fairly mindless empiricism.",Theoretical,"Classified as Theoretical because the metadata includes methodology keyword(s): theoretical, conceptual, framework, model.","MARSH, D. (2011). The new orthodoxy: the differentiated polity model. Public Administration. https://doi.org/10.1111/j.1467-9299.2010.01897.x",Crossref,Theoretical,journal-article,4
Understanding goal formation in strategic public management: a proposed theoretical framework,J. Bryson; B. George; Dan Seo,2022,Public Management Review,10.1080/14719037.2022.2103173,https://www.semanticscholar.org/paper/1cd9918235e2358e60f2ae8fd5832e2dec7d358a,"ABSTRACT Organizational goals lie at the heart of strategic public management. While research has centred on the performance impact of organizational goals and goal clarity, the field remains unclear on where organizational goals come from and how they form over time. We argue that research has suffered from the lack of a multi-level, process-focused theoretical framework through which goal formation can be understood and studied. Drawing on a problematizing review of the goals-related literature and strategic management-related theory, we develop such a framework, which provides conceptual order to a field that is rather messy in theory and in practice.",Theoretical,"Classified as Theoretical because the metadata includes methodology keyword(s): theory, theoretical, conceptual, framework.","Bryson, J., George, B., & Seo, D. (2022). Understanding goal formation in strategic public management: a proposed theoretical framework. Public Management Review. https://doi.org/10.1080/14719037.2022.2103173",Semantic Scholar,Theoretical,Review,4
